{
  "hash": "d73f5ba4",
  "configHash": "7e399cb6",
  "lockfileHash": "2a3a788b",
  "browserHash": "f51939e5",
  "optimized": {
    "@angular/common": {
      "src": "../../../../../node_modules/@angular/common/fesm2022/common.mjs",
      "file": "@angular_common.js",
      "fileHash": "4f48311c",
      "needsInterop": false
    },
    "@angular/common/http": {
      "src": "../../../../../node_modules/@angular/common/fesm2022/http.mjs",
      "file": "@angular_common_http.js",
      "fileHash": "b64f3c83",
      "needsInterop": false
    },
    "@angular/core": {
      "src": "../../../../../node_modules/@angular/core/fesm2022/core.mjs",
      "file": "@angular_core.js",
      "fileHash": "fa90602d",
      "needsInterop": false
    },
    "@angular/forms": {
      "src": "../../../../../node_modules/@angular/forms/fesm2022/forms.mjs",
      "file": "@angular_forms.js",
      "fileHash": "28f5985d",
      "needsInterop": false
    },
    "@angular/platform-browser": {
      "src": "../../../../../node_modules/@angular/platform-browser/fesm2022/platform-browser.mjs",
      "file": "@angular_platform-browser.js",
      "fileHash": "ea16f027",
      "needsInterop": false
    },
    "@angular/router": {
      "src": "../../../../../node_modules/@angular/router/fesm2022/router.mjs",
      "file": "@angular_router.js",
      "fileHash": "cfc52c9b",
      "needsInterop": false
    },
    "jspdf": {
      "src": "../../../../../node_modules/jspdf/dist/jspdf.es.min.js",
      "file": "jspdf.js",
      "fileHash": "32a066b4",
      "needsInterop": false
    },
    "rxjs": {
      "src": "../../../../../node_modules/rxjs/dist/esm5/index.js",
      "file": "rxjs.js",
      "fileHash": "204cc58a",
      "needsInterop": false
    },
    "rxjs/operators": {
      "src": "../../../../../node_modules/rxjs/dist/esm5/operators/index.js",
      "file": "rxjs_operators.js",
      "fileHash": "fa71cb6c",
      "needsInterop": false
    }
  },
  "chunks": {
    "html2canvas.esm-OIR3G3VO": {
      "file": "html2canvas__esm-OIR3G3VO.js"
    },
    "purify.es-7734OYTJ": {
      "file": "purify__es-7734OYTJ.js"
    },
    "index.es-GSWCEL5Y": {
      "file": "index__es-GSWCEL5Y.js"
    },
    "chunk-X6PB7WTO": {
      "file": "chunk-X6PB7WTO.js"
    },
    "chunk-2KUV65HP": {
      "file": "chunk-2KUV65HP.js"
    },
    "chunk-SFCVP3BU": {
      "file": "chunk-SFCVP3BU.js"
    },
    "chunk-L3WOYKYE": {
      "file": "chunk-L3WOYKYE.js"
    },
    "chunk-QN5HDKTT": {
      "file": "chunk-QN5HDKTT.js"
    },
    "chunk-XPU7EA6D": {
      "file": "chunk-XPU7EA6D.js"
    },
    "chunk-MHK6ZZQX": {
      "file": "chunk-MHK6ZZQX.js"
    },
    "chunk-JZCPY7PP": {
      "file": "chunk-JZCPY7PP.js"
    },
    "chunk-TXDUYLVM": {
      "file": "chunk-TXDUYLVM.js"
    }
  }
}